{"cameraMode":{"drawMode":0,"name":"Shaded","section":"Shading Mode"},"sceneLighting":false,"audioPlay":false,"sceneViewState":{"showFog":true,"showMaterialUpdate":false,"showSkybox":true,"showFlares":true,"showImageEffects":true,"showParticleSystems":true},"in2DMode":false,"pivot":{"x":234.15927124023438,"y":55.561885833740237,"z":203.60894775390626},"rotation":{"x":0.3260050415992737,"y":0.13017761707305909,"z":-0.04537549987435341,"w":0.9352623224258423},"size":22.0,"orthographic":false}