{"cameraMode":{"drawMode":0,"name":"Shaded","section":"Shading Mode"},"sceneLighting":false,"audioPlay":false,"sceneViewState":{"showFog":true,"showMaterialUpdate":false,"showSkybox":true,"showFlares":true,"showImageEffects":true,"showParticleSystems":true},"in2DMode":false,"pivot":{"x":804.3211669921875,"y":5.954620361328125,"z":798.34619140625},"rotation":{"x":-0.7259255647659302,"y":0.004126532934606075,"z":-0.004355606157332659,"w":-0.687747061252594},"size":335.50103759765627,"orthographic":false}